AnimalID,Crush,Crush-CrushCondition,CrushCondition,DBS-DBSCondition,FileName,Flox,Genotype,MainGroup,MolecularSubtype,MolecularSubtype1,MolecularSubtype2,Opsin,Path,Pharma,RNAIntervention,RNAType,RNAType-RNAIntervention,RealvsSham,Sex,Stim,Stim-StimCondition,StimCondition,StressCondition,Subtype,Subtype-MolecularSubtype,Subtype1,Subtype1-MolecularSubtype1-Subtype2-MolecularSubtype2,Subtype2,Surgery,Surgery-RealvsSham,TimeOfTesting,Timepoint,Timepoint-TimeOfTesting,Timepoint.1,Timepoint-TimeOfTesting.1
10,Crush,Crush-True,True,None,Dystonia_DYT1-GAG3_10_GAG3_M_PreOP_Crush-True_MicrogliaDepletionMonth3DLC_resnet152_myDLC_modelZoo_test2Mar3shuffle1_1000000.csv,None,GAG3,Dystonia,GAG3,None,None,None,Z:\Johannes1\Forschung\Projects\Project_OPF_Kinematics_Sorted\data\Dystonia\DYT1-GAG3\PreOP\Crush-True\MicrogliaDepletionMonth3,MicrogliaDepletionMonth3,None,None,None,None,M,None,None,None,None,DYT1,DYT1-GAG3,None,None,None,None,None,None,PreOP,None,PreOP,None
4,Crush,Crush-True,True,None,Dystonia_DYT1-GAG3_4_GAG3_M_PreOP_Crush-True_MicrogliaDepletionMonth3DLC_resnet152_myDLC_modelZoo_test2Mar3shuffle1_1000000.csv,None,GAG3,Dystonia,GAG3,None,None,None,Z:\Johannes1\Forschung\Projects\Project_OPF_Kinematics_Sorted\data\Dystonia\DYT1-GAG3\PreOP\Crush-True\MicrogliaDepletionMonth3,MicrogliaDepletionMonth3,None,None,None,None,M,None,None,None,None,DYT1,DYT1-GAG3,None,None,None,None,None,None,PreOP,None,PreOP,None
18,Crush,Crush-True,True,None,Dystonia_DYT1-GAG3_18_GAG3_M_PreOP_Crush-True_NoneDLC_resnet152_myDLC_modelZoo_test2Mar3shuffle1_1000000.csv,None,GAG3,Dystonia,GAG3,None,None,None,Z:\Johannes1\Forschung\Projects\Project_OPF_Kinematics_Sorted\data\Dystonia\DYT1-GAG3\PreOP\Crush-True\None,None,None,None,None,None,M,None,None,None,None,DYT1,DYT1-GAG3,None,None,None,None,None,None,PreOP,None,PreOP,None
10,Crush,Crush-True,True,None,Dystonia_DYT1-GAG3_10_GAG3_M_Week1_Crush-True_MicrogliaDepletionMonth3DLC_resnet152_myDLC_modelZoo_test2Mar3shuffle1_1000000.csv,None,GAG3,Dystonia,GAG3,None,None,None,Z:\Johannes1\Forschung\Projects\Project_OPF_Kinematics_Sorted\data\Dystonia\DYT1-GAG3\Week1\Crush-True\MicrogliaDepletionMonth3,MicrogliaDepletionMonth3,None,None,None,None,M,None,None,None,None,DYT1,DYT1-GAG3,None,None,None,None,None,None,Week1,None,Week1,None
4,Crush,Crush-True,True,None,Dystonia_DYT1-GAG3_4_GAG3_M_Week1_Crush-True_MicrogliaDepletionMonth3DLC_resnet152_myDLC_modelZoo_test2Mar3shuffle1_1000000.csv,None,GAG3,Dystonia,GAG3,None,None,None,Z:\Johannes1\Forschung\Projects\Project_OPF_Kinematics_Sorted\data\Dystonia\DYT1-GAG3\Week1\Crush-True\MicrogliaDepletionMonth3,MicrogliaDepletionMonth3,None,None,None,None,M,None,None,None,None,DYT1,DYT1-GAG3,None,None,None,None,None,None,Week1,None,Week1,None
18,Crush,Crush-True,True,None,Dystonia_DYT1-GAG3_18_GAG3_M_Week1_Crush-True_NoneDLC_resnet152_myDLC_modelZoo_test2Mar3shuffle1_1000000.csv,None,GAG3,Dystonia,GAG3,None,None,None,Z:\Johannes1\Forschung\Projects\Project_OPF_Kinematics_Sorted\data\Dystonia\DYT1-GAG3\Week1\Crush-True\None,None,None,None,None,None,M,None,None,None,None,DYT1,DYT1-GAG3,None,None,None,None,None,None,Week1,None,Week1,None
4,Crush,Crush-True,True,None,Dystonia_DYT1-GAG3_4_GAG3_M_Week12_Crush-True_MicrogliaDepletionMonth3DLC_resnet152_myDLC_modelZoo_test2Mar3shuffle1_1000000.csv,None,GAG3,Dystonia,GAG3,None,None,None,Z:\Johannes1\Forschung\Projects\Project_OPF_Kinematics_Sorted\data\Dystonia\DYT1-GAG3\Week12\Crush-True\MicrogliaDepletionMonth3,MicrogliaDepletionMonth3,None,None,None,None,M,None,None,None,None,DYT1,DYT1-GAG3,None,None,None,None,None,None,Week12,None,Week12,None
10,Crush,Crush-True,True,None,Dystonia_DYT1-GAG3_10_GAG3_M_Week6_Crush-True_MicrogliaDepletionMonth3DLC_resnet152_myDLC_modelZoo_test2Mar3shuffle1_1000000.csv,None,GAG3,Dystonia,GAG3,None,None,None,Z:\Johannes1\Forschung\Projects\Project_OPF_Kinematics_Sorted\data\Dystonia\DYT1-GAG3\Week6\Crush-True\MicrogliaDepletionMonth3,MicrogliaDepletionMonth3,None,None,None,None,M,None,None,None,None,DYT1,DYT1-GAG3,None,None,None,None,None,None,Week6,None,Week6,None
4,Crush,Crush-True,True,None,Dystonia_DYT1-GAG3_4_GAG3_M_Week6_Crush-True_MicrogliaDepletionMonth3DLC_resnet152_myDLC_modelZoo_test2Mar3shuffle1_1000000.csv,None,GAG3,Dystonia,GAG3,None,None,None,Z:\Johannes1\Forschung\Projects\Project_OPF_Kinematics_Sorted\data\Dystonia\DYT1-GAG3\Week6\Crush-True\MicrogliaDepletionMonth3,MicrogliaDepletionMonth3,None,None,None,None,M,None,None,None,None,DYT1,DYT1-GAG3,None,None,None,None,None,None,Week6,None,Week6,None
18,Crush,Crush-True,True,None,Dystonia_DYT1-GAG3_18_GAG3_M_Week6_Crush-True_NoneDLC_resnet152_myDLC_modelZoo_test2Mar3shuffle1_1000000.csv,None,GAG3,Dystonia,GAG3,None,None,None,Z:\Johannes1\Forschung\Projects\Project_OPF_Kinematics_Sorted\data\Dystonia\DYT1-GAG3\Week6\Crush-True\None,None,None,None,None,None,M,None,None,None,None,DYT1,DYT1-GAG3,None,None,None,None,None,None,Week6,None,Week6,None
26,Crush,Crush-True,True,None,Dystonia_DYT1-KI_26_Tg_M_Week1_Crush-True_NoneDLC_resnet152_myDLC_modelZoo_test2Mar3shuffle1_1000000.csv,None,Tg,Dystonia,KI,None,None,None,Z:\Johannes1\Forschung\Projects\Project_OPF_Kinematics_Sorted\data\Dystonia\DYT1-KI\Week1\Crush-True\None,None,None,None,None,None,M,None,None,None,None,DYT1,DYT1-KI,None,None,None,None,None,None,Week1,None,Week1,None
33,Crush,Crush-True,True,None,Dystonia_DYT1-KI_33_Tg_M_Week1_Crush-True_NoneDLC_resnet152_myDLC_modelZoo_test2Mar3shuffle1_1000000.csv,None,Tg,Dystonia,KI,None,None,None,Z:\Johannes1\Forschung\Projects\Project_OPF_Kinematics_Sorted\data\Dystonia\DYT1-KI\Week1\Crush-True\None,None,None,None,None,None,M,None,None,None,None,DYT1,DYT1-KI,None,None,None,None,None,None,Week1,None,Week1,None
35,Crush,Crush-True,True,None,Dystonia_DYT1-KI_35_Tg_M_Week1_Crush-True_NoneDLC_resnet152_myDLC_modelZoo_test2Mar3shuffle1_1000000.csv,None,Tg,Dystonia,KI,None,None,None,Z:\Johannes1\Forschung\Projects\Project_OPF_Kinematics_Sorted\data\Dystonia\DYT1-KI\Week1\Crush-True\None,None,None,None,None,None,M,None,None,None,None,DYT1,DYT1-KI,None,None,None,None,None,None,Week1,None,Week1,None
56,None,None,None,None,HSP-SPG_SPG11-KO_56_SPG11-KO_F_Month3_None_FingolimodDLC_resnet152_myDLC_modelZoo_test2Mar3shuffle1_1000000.csv,None,SPG11-KO,HSP-SPG,None,KO,None,None,Z:\Johannes1\Forschung\Projects\Project_OPF_Kinematics_Sorted\data\HSP-SPG\SPG11-KO\F\Month3\Fingolimod,Fingolimod,None,None,None,None,F,None,None,None,None,None,None,SPG11,SPG11-KO,None,None,None,None,Month3,None,Month3,None
62,None,None,None,None,HSP-SPG_SPG11-KO_62_SPG11-KO_F_Month3_None_FingolimodDLC_resnet152_myDLC_modelZoo_test2Mar3shuffle1_1000000.csv,None,SPG11-KO,HSP-SPG,None,KO,None,None,Z:\Johannes1\Forschung\Projects\Project_OPF_Kinematics_Sorted\data\HSP-SPG\SPG11-KO\F\Month3\Fingolimod,Fingolimod,None,None,None,None,F,None,None,None,None,None,None,SPG11,SPG11-KO,None,None,None,None,Month3,None,Month3,None
58,None,None,None,None,HSP-SPG_SPG11-KO_58_SPG11-KO_M_Month3_None_FingolimodDLC_resnet152_myDLC_modelZoo_test2Mar3shuffle1_1000000.csv,None,SPG11-KO,HSP-SPG,None,KO,None,None,Z:\Johannes1\Forschung\Projects\Project_OPF_Kinematics_Sorted\data\HSP-SPG\SPG11-KO\M\Month3\Fingolimod,Fingolimod,None,None,None,None,M,None,None,None,None,None,None,SPG11,SPG11-KO,None,None,None,None,Month3,None,Month3,None
60,None,None,None,None,HSP-SPG_SPG11-KO_60_SPG11-KO_M_Month3_None_FingolimodDLC_resnet152_myDLC_modelZoo_test2Mar3shuffle1_1000000.csv,None,SPG11-KO,HSP-SPG,None,KO,None,None,Z:\Johannes1\Forschung\Projects\Project_OPF_Kinematics_Sorted\data\HSP-SPG\SPG11-KO\M\Month3\Fingolimod,Fingolimod,None,None,None,None,M,None,None,None,None,None,None,SPG11,SPG11-KO,None,None,None,None,Month3,None,Month3,None
61,None,None,None,None,HSP-SPG_SPG11-KO_61_SPG11-KO_M_Month3_None_FingolimodDLC_resnet152_myDLC_modelZoo_test2Mar3shuffle1_1000000.csv,None,SPG11-KO,HSP-SPG,None,KO,None,None,Z:\Johannes1\Forschung\Projects\Project_OPF_Kinematics_Sorted\data\HSP-SPG\SPG11-KO\M\Month3\Fingolimod,Fingolimod,None,None,None,None,M,None,None,None,None,None,None,SPG11,SPG11-KO,None,None,None,None,Month3,None,Month3,None
33,None,None,None,None,HSP-SPG_SPG11-WT_33_SPG11-WT_F_Month3_None_NoneDLC_resnet152_myDLC_modelZoo_test2Mar3shuffle1_1000000.csv,None,SPG11-WT,HSP-SPG,None,WT,None,None,Z:\Johannes1\Forschung\Projects\Project_OPF_Kinematics_Sorted\data\HSP-SPG\SPG11-WT\F\Month3\None,None,None,None,None,None,F,None,None,None,None,None,None,SPG11,SPG11-WT,None,None,None,None,Month3,None,Month3,None
43,None,None,None,None,HSP-SPG_SPG11-WT_43_SPG11-WT_M_Month3_None_NoneDLC_resnet152_myDLC_modelZoo_test2Mar3shuffle1_1000000.csv,None,SPG11-WT,HSP-SPG,None,WT,None,None,Z:\Johannes1\Forschung\Projects\Project_OPF_Kinematics_Sorted\data\HSP-SPG\SPG11-WT\M\Month3\None,None,None,None,None,None,M,None,None,None,None,None,None,SPG11,SPG11-WT,None,None,None,None,Month3,None,Month3,None
12,None,None,None,None,Parkinson_A53T_12_None_None_Week10_None_NoneDLC_resnet152_myDLC_modelZoo_test2Mar3shuffle1_1000000.csv,None,None,Parkinson,None,None,None,None,Z:\Johannes1\Forschung\Projects\Project_OPF_Kinematics_Sorted\data\Parkinson\A53T\Week10\None,None,None,None,None,None,None,None,None,None,None,A53T,A53T,None,None,None,None,None,None,Week10,None,Week10,None
16,None,None,None,None,Parkinson_A53T_16_None_None_Week10_None_NoneDLC_resnet152_myDLC_modelZoo_test2Mar3shuffle1_1000000.csv,None,None,Parkinson,None,None,None,None,Z:\Johannes1\Forschung\Projects\Project_OPF_Kinematics_Sorted\data\Parkinson\A53T\Week10\None,None,None,None,None,None,None,None,None,None,None,A53T,A53T,None,None,None,None,None,None,Week10,None,Week10,None
17,None,None,None,None,Parkinson_A53T_17_None_None_Week10_None_NoneDLC_resnet152_myDLC_modelZoo_test2Mar3shuffle1_1000000.csv,None,None,Parkinson,None,None,None,None,Z:\Johannes1\Forschung\Projects\Project_OPF_Kinematics_Sorted\data\Parkinson\A53T\Week10\None,None,None,None,None,None,None,None,None,None,None,A53T,A53T,None,None,None,None,None,None,Week10,None,Week10,None
18,None,None,None,None,Parkinson_A53T_18_None_None_Week10_None_NoneDLC_resnet152_myDLC_modelZoo_test2Mar3shuffle1_1000000.csv,None,None,Parkinson,None,None,None,None,Z:\Johannes1\Forschung\Projects\Project_OPF_Kinematics_Sorted\data\Parkinson\A53T\Week10\None,None,None,None,None,None,None,None,None,None,None,A53T,A53T,None,None,None,None,None,None,Week10,None,Week10,None
19,None,None,None,None,Parkinson_A53T_19_None_None_Week10_None_NoneDLC_resnet152_myDLC_modelZoo_test2Mar3shuffle1_1000000.csv,None,None,Parkinson,None,None,None,None,Z:\Johannes1\Forschung\Projects\Project_OPF_Kinematics_Sorted\data\Parkinson\A53T\Week10\None,None,None,None,None,None,None,None,None,None,None,A53T,A53T,None,None,None,None,None,None,Week10,None,Week10,None
4,None,None,None,None,Parkinson_A53T_4_None_None_Week10_None_NoneDLC_resnet152_myDLC_modelZoo_test2Mar3shuffle1_1000000.csv,None,None,Parkinson,None,None,None,None,Z:\Johannes1\Forschung\Projects\Project_OPF_Kinematics_Sorted\data\Parkinson\A53T\Week10\None,None,None,None,None,None,None,None,None,None,None,A53T,A53T,None,None,None,None,None,None,Week10,None,Week10,None
5,None,None,None,None,Parkinson_A53T_5_None_None_Week10_None_NoneDLC_resnet152_myDLC_modelZoo_test2Mar3shuffle1_1000000.csv,None,None,Parkinson,None,None,None,None,Z:\Johannes1\Forschung\Projects\Project_OPF_Kinematics_Sorted\data\Parkinson\A53T\Week10\None,None,None,None,None,None,None,None,None,None,None,A53T,A53T,None,None,None,None,None,None,Week10,None,Week10,None
6,None,None,None,None,Parkinson_A53T_6_None_None_Week10_None_NoneDLC_resnet152_myDLC_modelZoo_test2Mar3shuffle1_1000000.csv,None,None,Parkinson,None,None,None,None,Z:\Johannes1\Forschung\Projects\Project_OPF_Kinematics_Sorted\data\Parkinson\A53T\Week10\None,None,None,None,None,None,None,None,None,None,None,A53T,A53T,None,None,None,None,None,None,Week10,None,Week10,None
7,None,None,None,None,Parkinson_A53T_7_None_None_Week10_None_NoneDLC_resnet152_myDLC_modelZoo_test2Mar3shuffle1_1000000.csv,None,None,Parkinson,None,None,None,None,Z:\Johannes1\Forschung\Projects\Project_OPF_Kinematics_Sorted\data\Parkinson\A53T\Week10\None,None,None,None,None,None,None,None,None,None,None,A53T,A53T,None,None,None,None,None,None,Week10,None,Week10,None
8,None,None,None,None,Parkinson_A53T_8_None_None_Week10_None_NoneDLC_resnet152_myDLC_modelZoo_test2Mar3shuffle1_1000000.csv,None,None,Parkinson,None,None,None,None,Z:\Johannes1\Forschung\Projects\Project_OPF_Kinematics_Sorted\data\Parkinson\A53T\Week10\None,None,None,None,None,None,None,None,None,None,None,A53T,A53T,None,None,None,None,None,None,Week10,None,Week10,None
51,None,None,None,None,Parkinson_A53T_51_PV-Cre-ArchT_M_Week10_Opto-On_NoneDLC_resnet152_myDLC_modelZoo_test2Mar3shuffle1_1000000.csv,Cre,PV,Parkinson,None,None,None,ArchT,Z:\Johannes1\Forschung\Projects\Project_OPF_Kinematics_Sorted\data\Parkinson\A53T\Week10\Opto-On,None,None,None,None,None,M,Opto,Opto-On,On,None,A53T,A53T,None,None,None,None,None,None,Week10,None,Week10,None
5,None,None,None,None,Parkinson_A53T_5_None_None_Week2_None_NoneDLC_resnet152_myDLC_modelZoo_test2Mar3shuffle1_1000000.csv,None,None,Parkinson,None,None,None,None,Z:\Johannes1\Forschung\Projects\Project_OPF_Kinematics_Sorted\data\Parkinson\A53T\Week2,None,None,None,None,None,None,None,None,None,None,A53T,A53T,None,None,None,None,None,None,Week2,None,Week2,None
6,None,None,None,None,Parkinson_A53T_6_None_None_Week2_None_NoneDLC_resnet152_myDLC_modelZoo_test2Mar3shuffle1_1000000.csv,None,None,Parkinson,None,None,None,None,Z:\Johannes1\Forschung\Projects\Project_OPF_Kinematics_Sorted\data\Parkinson\A53T\Week2,None,None,None,None,None,None,None,None,None,None,A53T,A53T,None,None,None,None,None,None,Week2,None,Week2,None
7,None,None,None,None,Parkinson_A53T_7_None_None_Week2_None_NoneDLC_resnet152_myDLC_modelZoo_test2Mar3shuffle1_1000000.csv,None,None,Parkinson,None,None,None,None,Z:\Johannes1\Forschung\Projects\Project_OPF_Kinematics_Sorted\data\Parkinson\A53T\Week2,None,None,None,None,None,None,None,None,None,None,A53T,A53T,None,None,None,None,None,None,Week2,None,Week2,None
8,None,None,None,None,Parkinson_A53T_8_None_None_Week2_None_NoneDLC_resnet152_myDLC_modelZoo_test2Mar3shuffle1_1000000.csv,None,None,Parkinson,None,None,None,None,Z:\Johannes1\Forschung\Projects\Project_OPF_Kinematics_Sorted\data\Parkinson\A53T\Week2,None,None,None,None,None,None,None,None,None,None,A53T,A53T,None,None,None,None,None,None,Week2,None,Week2,None
10,None,None,None,None,Parkinson_A53T_10_None_None_Week4_None_NoneDLC_resnet152_myDLC_modelZoo_test2Mar3shuffle1_1000000.csv,None,None,Parkinson,None,None,None,None,Z:\Johannes1\Forschung\Projects\Project_OPF_Kinematics_Sorted\data\Parkinson\A53T\Week4\None,None,None,None,None,None,None,None,None,None,None,A53T,A53T,None,None,None,None,None,None,Week4,None,Week4,None
11,None,None,None,None,Parkinson_A53T_11_None_None_Week4_None_NoneDLC_resnet152_myDLC_modelZoo_test2Mar3shuffle1_1000000.csv,None,None,Parkinson,None,None,None,None,Z:\Johannes1\Forschung\Projects\Project_OPF_Kinematics_Sorted\data\Parkinson\A53T\Week4\None,None,None,None,None,None,None,None,None,None,None,A53T,A53T,None,None,None,None,None,None,Week4,None,Week4,None
12,None,None,None,None,Parkinson_A53T_12_None_None_Week4_None_NoneDLC_resnet152_myDLC_modelZoo_test2Mar3shuffle1_1000000.csv,None,None,Parkinson,None,None,None,None,Z:\Johannes1\Forschung\Projects\Project_OPF_Kinematics_Sorted\data\Parkinson\A53T\Week4\None,None,None,None,None,None,None,None,None,None,None,A53T,A53T,None,None,None,None,None,None,Week4,None,Week4,None
14,None,None,None,None,Parkinson_A53T_14_None_None_Week4_None_NoneDLC_resnet152_myDLC_modelZoo_test2Mar3shuffle1_1000000.csv,None,None,Parkinson,None,None,None,None,Z:\Johannes1\Forschung\Projects\Project_OPF_Kinematics_Sorted\data\Parkinson\A53T\Week4\None,None,None,None,None,None,None,None,None,None,None,A53T,A53T,None,None,None,None,None,None,Week4,None,Week4,None
15,None,None,None,None,Parkinson_A53T_15_None_None_Week4_None_NoneDLC_resnet152_myDLC_modelZoo_test2Mar3shuffle1_1000000.csv,None,None,Parkinson,None,None,None,None,Z:\Johannes1\Forschung\Projects\Project_OPF_Kinematics_Sorted\data\Parkinson\A53T\Week4\None,None,None,None,None,None,None,None,None,None,None,A53T,A53T,None,None,None,None,None,None,Week4,None,Week4,None
16,None,None,None,None,Parkinson_A53T_16_None_None_Week4_None_NoneDLC_resnet152_myDLC_modelZoo_test2Mar3shuffle1_1000000.csv,None,None,Parkinson,None,None,None,None,Z:\Johannes1\Forschung\Projects\Project_OPF_Kinematics_Sorted\data\Parkinson\A53T\Week4\None,None,None,None,None,None,None,None,None,None,None,A53T,A53T,None,None,None,None,None,None,Week4,None,Week4,None
17,None,None,None,None,Parkinson_A53T_17_None_None_Week4_None_NoneDLC_resnet152_myDLC_modelZoo_test2Mar3shuffle1_1000000.csv,None,None,Parkinson,None,None,None,None,Z:\Johannes1\Forschung\Projects\Project_OPF_Kinematics_Sorted\data\Parkinson\A53T\Week4\None,None,None,None,None,None,None,None,None,None,None,A53T,A53T,None,None,None,None,None,None,Week4,None,Week4,None
1,None,None,None,None,Parkinson_A53T_1_None_None_Week4_None_NoneDLC_resnet152_myDLC_modelZoo_test2Mar3shuffle1_1000000.csv,None,None,Parkinson,None,None,None,None,Z:\Johannes1\Forschung\Projects\Project_OPF_Kinematics_Sorted\data\Parkinson\A53T\Week4\None,None,None,None,None,None,None,None,None,None,None,A53T,A53T,None,None,None,None,None,None,Week4,None,Week4,None
2,None,None,None,None,Parkinson_A53T_2_None_None_Week4_None_NoneDLC_resnet152_myDLC_modelZoo_test2Mar3shuffle1_1000000.csv,None,None,Parkinson,None,None,None,None,Z:\Johannes1\Forschung\Projects\Project_OPF_Kinematics_Sorted\data\Parkinson\A53T\Week4\None,None,None,None,None,None,None,None,None,None,None,A53T,A53T,None,None,None,None,None,None,Week4,None,Week4,None
31,None,None,None,None,Parkinson_A53T_31_None_None_Week4_None_NoneDLC_resnet152_myDLC_modelZoo_test2Mar3shuffle1_1000000.csv,None,None,Parkinson,None,None,None,None,Z:\Johannes1\Forschung\Projects\Project_OPF_Kinematics_Sorted\data\Parkinson\A53T\Week4\None,None,None,None,None,None,None,None,None,None,None,A53T,A53T,None,None,None,None,None,None,Week4,None,Week4,None
32,None,None,None,None,Parkinson_A53T_32_None_None_Week4_None_NoneDLC_resnet152_myDLC_modelZoo_test2Mar3shuffle1_1000000.csv,None,None,Parkinson,None,None,None,None,Z:\Johannes1\Forschung\Projects\Project_OPF_Kinematics_Sorted\data\Parkinson\A53T\Week4\None,None,None,None,None,None,None,None,None,None,None,A53T,A53T,None,None,None,None,None,None,Week4,None,Week4,None
33,None,None,None,None,Parkinson_A53T_33_None_None_Week4_None_NoneDLC_resnet152_myDLC_modelZoo_test2Mar3shuffle1_1000000.csv,None,None,Parkinson,None,None,None,None,Z:\Johannes1\Forschung\Projects\Project_OPF_Kinematics_Sorted\data\Parkinson\A53T\Week4\None,None,None,None,None,None,None,None,None,None,None,A53T,A53T,None,None,None,None,None,None,Week4,None,Week4,None
34,None,None,None,None,Parkinson_A53T_34_None_None_Week4_None_NoneDLC_resnet152_myDLC_modelZoo_test2Mar3shuffle1_1000000.csv,None,None,Parkinson,None,None,None,None,Z:\Johannes1\Forschung\Projects\Project_OPF_Kinematics_Sorted\data\Parkinson\A53T\Week4\None,None,None,None,None,None,None,None,None,None,None,A53T,A53T,None,None,None,None,None,None,Week4,None,Week4,None
36,None,None,None,None,Parkinson_A53T_36_None_None_Week4_None_NoneDLC_resnet152_myDLC_modelZoo_test2Mar3shuffle1_1000000.csv,None,None,Parkinson,None,None,None,None,Z:\Johannes1\Forschung\Projects\Project_OPF_Kinematics_Sorted\data\Parkinson\A53T\Week4\None,None,None,None,None,None,None,None,None,None,None,A53T,A53T,None,None,None,None,None,None,Week4,None,Week4,None
6,None,None,None,None,Parkinson_A53T_6_None_None_Week4_None_NoneDLC_resnet152_myDLC_modelZoo_test2Mar3shuffle1_1000000.csv,None,None,Parkinson,None,None,None,None,Z:\Johannes1\Forschung\Projects\Project_OPF_Kinematics_Sorted\data\Parkinson\A53T\Week4\None,None,None,None,None,None,None,None,None,None,None,A53T,A53T,None,None,None,None,None,None,Week4,None,Week4,None
7,None,None,None,None,Parkinson_A53T_7_None_None_Week4_None_NoneDLC_resnet152_myDLC_modelZoo_test2Mar3shuffle1_1000000.csv,None,None,Parkinson,None,None,None,None,Z:\Johannes1\Forschung\Projects\Project_OPF_Kinematics_Sorted\data\Parkinson\A53T\Week4\None,None,None,None,None,None,None,None,None,None,None,A53T,A53T,None,None,None,None,None,None,Week4,None,Week4,None
8,None,None,None,None,Parkinson_A53T_8_None_None_Week4_None_NoneDLC_resnet152_myDLC_modelZoo_test2Mar3shuffle1_1000000.csv,None,None,Parkinson,None,None,None,None,Z:\Johannes1\Forschung\Projects\Project_OPF_Kinematics_Sorted\data\Parkinson\A53T\Week4\None,None,None,None,None,None,None,None,None,None,None,A53T,A53T,None,None,None,None,None,None,Week4,None,Week4,None
9,None,None,None,None,Parkinson_A53T_9_None_None_Week4_None_NoneDLC_resnet152_myDLC_modelZoo_test2Mar3shuffle1_1000000.csv,None,None,Parkinson,None,None,None,None,Z:\Johannes1\Forschung\Projects\Project_OPF_Kinematics_Sorted\data\Parkinson\A53T\Week4\None,None,None,None,None,None,None,None,None,None,None,A53T,A53T,None,None,None,None,None,None,Week4,None,Week4,None
15,None,None,None,DBS-On,Parkinson_A53T_15_None_None_Week6_DBS-On_NoneDLC_resnet152_myDLC_modelZoo_test2Mar3shuffle1_1000000.csv,None,None,Parkinson,None,None,None,None,Z:\Johannes1\Forschung\Projects\Project_OPF_Kinematics_Sorted\data\Parkinson\A53T\Week6\DBS-On,None,None,None,None,None,None,DBS,None,On,None,A53T,A53T,None,None,None,None,None,None,Week6,None,Week6,None
8,None,None,None,DBS-Sham,Parkinson_A53T_8_None_None_Week6_DBS-Sham_NoneDLC_resnet152_myDLC_modelZoo_test2Mar3shuffle1_1000000.csv,None,None,Parkinson,None,None,None,None,Z:\Johannes1\Forschung\Projects\Project_OPF_Kinematics_Sorted\data\Parkinson\A53T\Week6\DBS-Sham,None,None,None,None,None,None,DBS,None,Sham,None,A53T,A53T,None,None,None,None,None,None,Week6,None,Week6,None
19,None,None,None,None,Parkinson_A53T_19_Vglut2-Cre-ChRmine_M_Week8_Opto-On_NoneDLC_resnet152_myDLC_modelZoo_test2Mar3shuffle1_1000000.csv,Cre,Vglut2,Parkinson,None,None,None,ChRmine,Z:\Johannes1\Forschung\Projects\Project_OPF_Kinematics_Sorted\data\Parkinson\A53T\Week8\Opto-On,None,None,None,None,None,M,Opto,Opto-On,On,None,A53T,A53T,None,None,None,None,None,None,Week8,None,Week8,None
201,None,None,None,None,Parkinson_A53T_201_Vglut2-Cre-ChRmine_M_Week8_Opto-On_NoneDLC_resnet152_myDLC_modelZoo_test2Mar3shuffle1_1000000.csv,Cre,Vglut2,Parkinson,None,None,None,ChRmine,Z:\Johannes1\Forschung\Projects\Project_OPF_Kinematics_Sorted\data\Parkinson\A53T\Week8\Opto-On,None,None,None,None,None,M,Opto,Opto-On,On,None,A53T,A53T,None,None,None,None,None,None,Week8,None,Week8,None
208,None,None,None,None,Parkinson_A53T_208_Vglut2-Cre-ChRmine_M_Week8_Opto-On_NoneDLC_resnet152_myDLC_modelZoo_test2Mar3shuffle1_1000000.csv,Cre,Vglut2,Parkinson,None,None,None,ChRmine,Z:\Johannes1\Forschung\Projects\Project_OPF_Kinematics_Sorted\data\Parkinson\A53T\Week8\Opto-On,None,None,None,None,None,M,Opto,Opto-On,On,None,A53T,A53T,None,None,None,None,None,None,Week8,None,Week8,None
209,None,None,None,None,Parkinson_A53T_209_Vglut2-Cre-ChRmine_M_Week8_Opto-On_NoneDLC_resnet152_myDLC_modelZoo_test2Mar3shuffle1_1000000.csv,Cre,Vglut2,Parkinson,None,None,None,ChRmine,Z:\Johannes1\Forschung\Projects\Project_OPF_Kinematics_Sorted\data\Parkinson\A53T\Week8\Opto-On,None,None,None,None,None,M,Opto,Opto-On,On,None,A53T,A53T,None,None,None,None,None,None,Week8,None,Week8,None
223,None,None,None,None,Parkinson_A53T_223_Vglut2-Cre-ChRmine_M_Week8_Opto-On_NoneDLC_resnet152_myDLC_modelZoo_test2Mar3shuffle1_1000000.csv,Cre,Vglut2,Parkinson,None,None,None,ChRmine,Z:\Johannes1\Forschung\Projects\Project_OPF_Kinematics_Sorted\data\Parkinson\A53T\Week8\Opto-On,None,None,None,None,None,M,Opto,Opto-On,On,None,A53T,A53T,None,None,None,None,None,None,Week8,None,Week8,None
43,None,None,None,None,Parkinson_A53T_43_Vglut2-Cre-ChRmine_M_Week9_Opto-On_NoneDLC_resnet152_myDLC_modelZoo_test2Mar3shuffle1_1000000.csv,Cre,Vglut2,Parkinson,None,None,None,ChRmine,Z:\Johannes1\Forschung\Projects\Project_OPF_Kinematics_Sorted\data\Parkinson\A53T\Week9\Opto-On,None,None,None,None,None,M,Opto,Opto-On,On,None,A53T,A53T,None,None,None,None,None,None,Week9,None,Week9,None
85,None,None,None,None,Trauma_None_85_None_None_Week2-1h_Sham_AntiIL1bDLC_resnet152_myDLC_modelZoo_test2Mar3shuffle1_1000000.csv,None,None,Trauma,None,None,None,None,Z:\Johannes1\Forschung\Projects\Project_OPF_Kinematics_Sorted\data\Trauma\Week2-1h\Sham\AntiIL1b,AntiIL1b,None,None,None,None,None,None,None,None,None,None,None,None,None,None,Sham,Sham,1h,Week2,Week2-1h,Week2,Week2-1h
89,None,None,None,None,Trauma_None_89_None_None_Week2-1h_Sham_AntiIL1bDLC_resnet152_myDLC_modelZoo_test2Mar3shuffle1_1000000.csv,None,None,Trauma,None,None,None,None,Z:\Johannes1\Forschung\Projects\Project_OPF_Kinematics_Sorted\data\Trauma\Week2-1h\Sham\AntiIL1b,AntiIL1b,None,None,None,None,None,None,None,None,None,None,None,None,None,None,Sham,Sham,1h,Week2,Week2-1h,Week2,Week2-1h
90,None,None,None,None,Trauma_None_90_None_None_Week2-1h_Sham_AntiIL1bDLC_resnet152_myDLC_modelZoo_test2Mar3shuffle1_1000000.csv,None,None,Trauma,None,None,None,None,Z:\Johannes1\Forschung\Projects\Project_OPF_Kinematics_Sorted\data\Trauma\Week2-1h\Sham\AntiIL1b,AntiIL1b,None,None,None,None,None,None,None,None,None,None,None,None,None,None,Sham,Sham,1h,Week2,Week2-1h,Week2,Week2-1h
59,None,None,None,None,Trauma_None_59_None_None_Week2-1h_TBI_AntiIL1bDLC_resnet152_myDLC_modelZoo_test2Mar3shuffle1_1000000.csv,None,None,Trauma,None,None,None,None,Z:\Johannes1\Forschung\Projects\Project_OPF_Kinematics_Sorted\data\Trauma\Week2-1h\TBI\AntiIL1b,AntiIL1b,None,None,None,None,None,None,None,None,None,None,None,None,None,None,TBI,TBI,1h,Week2,Week2-1h,Week2,Week2-1h
76,None,None,None,None,Trauma_None_76_None_None_Week2-1h_TBI_AntiIL1bDLC_resnet152_myDLC_modelZoo_test2Mar3shuffle1_1000000.csv,None,None,Trauma,None,None,None,None,Z:\Johannes1\Forschung\Projects\Project_OPF_Kinematics_Sorted\data\Trauma\Week2-1h\TBI\AntiIL1b,AntiIL1b,None,None,None,None,None,None,None,None,None,None,None,None,None,None,TBI,TBI,1h,Week2,Week2-1h,Week2,Week2-1h
83,None,None,None,None,Trauma_None_83_None_None_Week2-1h_TBI_AntiIL1bDLC_resnet152_myDLC_modelZoo_test2Mar3shuffle1_1000000.csv,None,None,Trauma,None,None,None,None,Z:\Johannes1\Forschung\Projects\Project_OPF_Kinematics_Sorted\data\Trauma\Week2-1h\TBI\AntiIL1b,AntiIL1b,None,None,None,None,None,None,None,None,None,None,None,None,None,None,TBI,TBI,1h,Week2,Week2-1h,Week2,Week2-1h
54,None,None,None,None,Trauma_None_54_None_None_Week2-4h_TBI_AntiIL1bDLC_resnet152_myDLC_modelZoo_test2Mar3shuffle1_1000000.csv,None,None,Trauma,None,None,None,None,Z:\Johannes1\Forschung\Projects\Project_OPF_Kinematics_Sorted\data\Trauma\Week2-4h\TBI\AntiIL1b,AntiIL1b,None,None,None,None,None,None,None,None,None,None,None,None,None,None,TBI,TBI,4h,Week2,Week2-4h,Week2,Week2-4h
60,None,None,None,None,Trauma_None_60_None_None_Week2-4h_TBI_AntiIL1bDLC_resnet152_myDLC_modelZoo_test2Mar3shuffle1_1000000.csv,None,None,Trauma,None,None,None,None,Z:\Johannes1\Forschung\Projects\Project_OPF_Kinematics_Sorted\data\Trauma\Week2-4h\TBI\AntiIL1b,AntiIL1b,None,None,None,None,None,None,None,None,None,None,None,None,None,None,TBI,TBI,4h,Week2,Week2-4h,Week2,Week2-4h
87,None,None,None,None,Trauma_None_87_None_None_Week2-4h_TBI_AntiIL1bDLC_resnet152_myDLC_modelZoo_test2Mar3shuffle1_1000000.csv,None,None,Trauma,None,None,None,None,Z:\Johannes1\Forschung\Projects\Project_OPF_Kinematics_Sorted\data\Trauma\Week2-4h\TBI\AntiIL1b,AntiIL1b,None,None,None,None,None,None,None,None,None,None,None,None,None,None,TBI,TBI,4h,Week2,Week2-4h,Week2,Week2-4h
88,None,None,None,None,Trauma_None_88_None_None_Week2-4h_TBI_AntiIL1bDLC_resnet152_myDLC_modelZoo_test2Mar3shuffle1_1000000.csv,None,None,Trauma,None,None,None,None,Z:\Johannes1\Forschung\Projects\Project_OPF_Kinematics_Sorted\data\Trauma\Week2-4h\TBI\AntiIL1b,AntiIL1b,None,None,None,None,None,None,None,None,None,None,None,None,None,None,TBI,TBI,4h,Week2,Week2-4h,Week2,Week2-4h
28,None,None,None,None,Trauma_None_28_None_None_Week4-1h_Sham_AntiIL1bDLC_resnet152_myDLC_modelZoo_test2Mar3shuffle1_1000000.csv,None,None,Trauma,None,None,None,None,Z:\Johannes1\Forschung\Projects\Project_OPF_Kinematics_Sorted\data\Trauma\Week4-1h\Sham\AntiIL1b,AntiIL1b,None,None,None,None,None,None,None,None,None,None,None,None,None,None,Sham,Sham,1h,Week4,Week4-1h,Week4,Week4-1h
46,None,None,None,None,Trauma_None_46_None_None_Week4-1h_Sham_AntiIL1bDLC_resnet152_myDLC_modelZoo_test2Mar3shuffle1_1000000.csv,None,None,Trauma,None,None,None,None,Z:\Johannes1\Forschung\Projects\Project_OPF_Kinematics_Sorted\data\Trauma\Week4-1h\Sham\AntiIL1b,AntiIL1b,None,None,None,None,None,None,None,None,None,None,None,None,None,None,Sham,Sham,1h,Week4,Week4-1h,Week4,Week4-1h
53,None,None,None,None,Trauma_None_53_None_None_Week4-1h_Sham_AntiIL1bDLC_resnet152_myDLC_modelZoo_test2Mar3shuffle1_1000000.csv,None,None,Trauma,None,None,None,None,Z:\Johannes1\Forschung\Projects\Project_OPF_Kinematics_Sorted\data\Trauma\Week4-1h\Sham\AntiIL1b,AntiIL1b,None,None,None,None,None,None,None,None,None,None,None,None,None,None,Sham,Sham,1h,Week4,Week4-1h,Week4,Week4-1h
56,None,None,None,None,Trauma_None_56_None_None_Week4-1h_Sham_AntiIL1bDLC_resnet152_myDLC_modelZoo_test2Mar3shuffle1_1000000.csv,None,None,Trauma,None,None,None,None,Z:\Johannes1\Forschung\Projects\Project_OPF_Kinematics_Sorted\data\Trauma\Week4-1h\Sham\AntiIL1b,AntiIL1b,None,None,None,None,None,None,None,None,None,None,None,None,None,None,Sham,Sham,1h,Week4,Week4-1h,Week4,Week4-1h
57,None,None,None,None,Trauma_None_57_None_None_Week4-1h_Sham_AntiIL1bDLC_resnet152_myDLC_modelZoo_test2Mar3shuffle1_1000000.csv,None,None,Trauma,None,None,None,None,Z:\Johannes1\Forschung\Projects\Project_OPF_Kinematics_Sorted\data\Trauma\Week4-1h\Sham\AntiIL1b,AntiIL1b,None,None,None,None,None,None,None,None,None,None,None,None,None,None,Sham,Sham,1h,Week4,Week4-1h,Week4,Week4-1h
79,None,None,None,None,Trauma_None_79_None_None_Week4-1h_Sham_AntiIL1bDLC_resnet152_myDLC_modelZoo_test2Mar3shuffle1_1000000.csv,None,None,Trauma,None,None,None,None,Z:\Johannes1\Forschung\Projects\Project_OPF_Kinematics_Sorted\data\Trauma\Week4-1h\Sham\AntiIL1b,AntiIL1b,None,None,None,None,None,None,None,None,None,None,None,None,None,None,Sham,Sham,1h,Week4,Week4-1h,Week4,Week4-1h
82,None,None,None,None,Trauma_None_82_None_None_Week4-1h_Sham_AntiIL1bDLC_resnet152_myDLC_modelZoo_test2Mar3shuffle1_1000000.csv,None,None,Trauma,None,None,None,None,Z:\Johannes1\Forschung\Projects\Project_OPF_Kinematics_Sorted\data\Trauma\Week4-1h\Sham\AntiIL1b,AntiIL1b,None,None,None,None,None,None,None,None,None,None,None,None,None,None,Sham,Sham,1h,Week4,Week4-1h,Week4,Week4-1h
85,None,None,None,None,Trauma_None_85_None_None_Week4-1h_Sham_AntiIL1bDLC_resnet152_myDLC_modelZoo_test2Mar3shuffle1_1000000.csv,None,None,Trauma,None,None,None,None,Z:\Johannes1\Forschung\Projects\Project_OPF_Kinematics_Sorted\data\Trauma\Week4-1h\Sham\AntiIL1b,AntiIL1b,None,None,None,None,None,None,None,None,None,None,None,None,None,None,Sham,Sham,1h,Week4,Week4-1h,Week4,Week4-1h
89,None,None,None,None,Trauma_None_89_None_None_Week4-1h_Sham_AntiIL1bDLC_resnet152_myDLC_modelZoo_test2Mar3shuffle1_1000000.csv,None,None,Trauma,None,None,None,None,Z:\Johannes1\Forschung\Projects\Project_OPF_Kinematics_Sorted\data\Trauma\Week4-1h\Sham\AntiIL1b,AntiIL1b,None,None,None,None,None,None,None,None,None,None,None,None,None,None,Sham,Sham,1h,Week4,Week4-1h,Week4,Week4-1h
90,None,None,None,None,Trauma_None_90_None_None_Week4-1h_Sham_AntiIL1bDLC_resnet152_myDLC_modelZoo_test2Mar3shuffle1_1000000.csv,None,None,Trauma,None,None,None,None,Z:\Johannes1\Forschung\Projects\Project_OPF_Kinematics_Sorted\data\Trauma\Week4-1h\Sham\AntiIL1b,AntiIL1b,None,None,None,None,None,None,None,None,None,None,None,None,None,None,Sham,Sham,1h,Week4,Week4-1h,Week4,Week4-1h
36,None,None,None,None,Trauma_None_36_None_None_Week4-1h_Sham_NoneDLC_resnet152_myDLC_modelZoo_test2Mar3shuffle1_1000000.csv,None,None,Trauma,None,None,None,None,Z:\Johannes1\Forschung\Projects\Project_OPF_Kinematics_Sorted\data\Trauma\Week4-1h\Sham\None,None,None,None,None,None,None,None,None,None,None,None,None,None,None,None,Sham,Sham,1h,Week4,Week4-1h,Week4,Week4-1h
43,None,None,None,None,Trauma_None_43_None_None_Week4-1h_Sham_NoneDLC_resnet152_myDLC_modelZoo_test2Mar3shuffle1_1000000.csv,None,None,Trauma,None,None,None,None,Z:\Johannes1\Forschung\Projects\Project_OPF_Kinematics_Sorted\data\Trauma\Week4-1h\Sham\None,None,None,None,None,None,None,None,None,None,None,None,None,None,None,None,Sham,Sham,1h,Week4,Week4-1h,Week4,Week4-1h
69,None,None,None,None,Trauma_None_69_None_None_Week4-1h_Sham_NoneDLC_resnet152_myDLC_modelZoo_test2Mar3shuffle1_1000000.csv,None,None,Trauma,None,None,None,None,Z:\Johannes1\Forschung\Projects\Project_OPF_Kinematics_Sorted\data\Trauma\Week4-1h\Sham\None,None,None,None,None,None,None,None,None,None,None,None,None,None,None,None,Sham,Sham,1h,Week4,Week4-1h,Week4,Week4-1h
70,None,None,None,None,Trauma_None_70_None_None_Week4-1h_Sham_NoneDLC_resnet152_myDLC_modelZoo_test2Mar3shuffle1_1000000.csv,None,None,Trauma,None,None,None,None,Z:\Johannes1\Forschung\Projects\Project_OPF_Kinematics_Sorted\data\Trauma\Week4-1h\Sham\None,None,None,None,None,None,None,None,None,None,None,None,None,None,None,None,Sham,Sham,1h,Week4,Week4-1h,Week4,Week4-1h
71,None,None,None,None,Trauma_None_71_None_None_Week4-1h_Sham_NoneDLC_resnet152_myDLC_modelZoo_test2Mar3shuffle1_1000000.csv,None,None,Trauma,None,None,None,None,Z:\Johannes1\Forschung\Projects\Project_OPF_Kinematics_Sorted\data\Trauma\Week4-1h\Sham\None,None,None,None,None,None,None,None,None,None,None,None,None,None,None,None,Sham,Sham,1h,Week4,Week4-1h,Week4,Week4-1h
74,None,None,None,None,Trauma_None_74_None_None_Week4-1h_Sham_NoneDLC_resnet152_myDLC_modelZoo_test2Mar3shuffle1_1000000.csv,None,None,Trauma,None,None,None,None,Z:\Johannes1\Forschung\Projects\Project_OPF_Kinematics_Sorted\data\Trauma\Week4-1h\Sham\None,None,None,None,None,None,None,None,None,None,None,None,None,None,None,None,Sham,Sham,1h,Week4,Week4-1h,Week4,Week4-1h
75,None,None,None,None,Trauma_None_75_None_None_Week4-1h_Sham_NoneDLC_resnet152_myDLC_modelZoo_test2Mar3shuffle1_1000000.csv,None,None,Trauma,None,None,None,None,Z:\Johannes1\Forschung\Projects\Project_OPF_Kinematics_Sorted\data\Trauma\Week4-1h\Sham\None,None,None,None,None,None,None,None,None,None,None,None,None,None,None,None,Sham,Sham,1h,Week4,Week4-1h,Week4,Week4-1h
27,None,None,None,None,Trauma_None_27_None_None_Week4-1h_TBI_AntiIL1bDLC_resnet152_myDLC_modelZoo_test2Mar3shuffle1_1000000.csv,None,None,Trauma,None,None,None,None,Z:\Johannes1\Forschung\Projects\Project_OPF_Kinematics_Sorted\data\Trauma\Week4-1h\TBI\AntiIL1b,AntiIL1b,None,None,None,None,None,None,None,None,None,None,None,None,None,None,TBI,TBI,1h,Week4,Week4-1h,Week4,Week4-1h
55,None,None,None,None,Trauma_None_55_None_None_Week4-1h_TBI_AntiIL1bDLC_resnet152_myDLC_modelZoo_test2Mar3shuffle1_1000000.csv,None,None,Trauma,None,None,None,None,Z:\Johannes1\Forschung\Projects\Project_OPF_Kinematics_Sorted\data\Trauma\Week4-1h\TBI\AntiIL1b,AntiIL1b,None,None,None,None,None,None,None,None,None,None,None,None,None,None,TBI,TBI,1h,Week4,Week4-1h,Week4,Week4-1h
58,None,None,None,None,Trauma_None_58_None_None_Week4-1h_TBI_AntiIL1bDLC_resnet152_myDLC_modelZoo_test2Mar3shuffle1_1000000.csv,None,None,Trauma,None,None,None,None,Z:\Johannes1\Forschung\Projects\Project_OPF_Kinematics_Sorted\data\Trauma\Week4-1h\TBI\AntiIL1b,AntiIL1b,None,None,None,None,None,None,None,None,None,None,None,None,None,None,TBI,TBI,1h,Week4,Week4-1h,Week4,Week4-1h
59,None,None,None,None,Trauma_None_59_None_None_Week4-1h_TBI_AntiIL1bDLC_resnet152_myDLC_modelZoo_test2Mar3shuffle1_1000000.csv,None,None,Trauma,None,None,None,None,Z:\Johannes1\Forschung\Projects\Project_OPF_Kinematics_Sorted\data\Trauma\Week4-1h\TBI\AntiIL1b,AntiIL1b,None,None,None,None,None,None,None,None,None,None,None,None,None,None,TBI,TBI,1h,Week4,Week4-1h,Week4,Week4-1h
76,None,None,None,None,Trauma_None_76_None_None_Week4-1h_TBI_AntiIL1bDLC_resnet152_myDLC_modelZoo_test2Mar3shuffle1_1000000.csv,None,None,Trauma,None,None,None,None,Z:\Johannes1\Forschung\Projects\Project_OPF_Kinematics_Sorted\data\Trauma\Week4-1h\TBI\AntiIL1b,AntiIL1b,None,None,None,None,None,None,None,None,None,None,None,None,None,None,TBI,TBI,1h,Week4,Week4-1h,Week4,Week4-1h
78,None,None,None,None,Trauma_None_78_None_None_Week4-1h_TBI_AntiIL1bDLC_resnet152_myDLC_modelZoo_test2Mar3shuffle1_1000000.csv,None,None,Trauma,None,None,None,None,Z:\Johannes1\Forschung\Projects\Project_OPF_Kinematics_Sorted\data\Trauma\Week4-1h\TBI\AntiIL1b,AntiIL1b,None,None,None,None,None,None,None,None,None,None,None,None,None,None,TBI,TBI,1h,Week4,Week4-1h,Week4,Week4-1h
80,None,None,None,None,Trauma_None_80_None_None_Week4-1h_TBI_AntiIL1bDLC_resnet152_myDLC_modelZoo_test2Mar3shuffle1_1000000.csv,None,None,Trauma,None,None,None,None,Z:\Johannes1\Forschung\Projects\Project_OPF_Kinematics_Sorted\data\Trauma\Week4-1h\TBI\AntiIL1b,AntiIL1b,None,None,None,None,None,None,None,None,None,None,None,None,None,None,TBI,TBI,1h,Week4,Week4-1h,Week4,Week4-1h
83,None,None,None,None,Trauma_None_83_None_None_Week4-1h_TBI_AntiIL1bDLC_resnet152_myDLC_modelZoo_test2Mar3shuffle1_1000000.csv,None,None,Trauma,None,None,None,None,Z:\Johannes1\Forschung\Projects\Project_OPF_Kinematics_Sorted\data\Trauma\Week4-1h\TBI\AntiIL1b,AntiIL1b,None,None,None,None,None,None,None,None,None,None,None,None,None,None,TBI,TBI,1h,Week4,Week4-1h,Week4,Week4-1h
86,None,None,None,None,Trauma_None_86_None_None_Week4-1h_TBI_AntiIL1bDLC_resnet152_myDLC_modelZoo_test2Mar3shuffle1_1000000.csv,None,None,Trauma,None,None,None,None,Z:\Johannes1\Forschung\Projects\Project_OPF_Kinematics_Sorted\data\Trauma\Week4-1h\TBI\AntiIL1b,AntiIL1b,None,None,None,None,None,None,None,None,None,None,None,None,None,None,TBI,TBI,1h,Week4,Week4-1h,Week4,Week4-1h
38,None,None,None,None,Trauma_None_38_None_None_Week4-1h_TBI_NoneDLC_resnet152_myDLC_modelZoo_test2Mar3shuffle1_1000000.csv,None,None,Trauma,None,None,None,None,Z:\Johannes1\Forschung\Projects\Project_OPF_Kinematics_Sorted\data\Trauma\Week4-1h\TBI\None,None,None,None,None,None,None,None,None,None,None,None,None,None,None,None,TBI,TBI,1h,Week4,Week4-1h,Week4,Week4-1h
42,None,None,None,None,Trauma_None_42_None_None_Week4-1h_TBI_NoneDLC_resnet152_myDLC_modelZoo_test2Mar3shuffle1_1000000.csv,None,None,Trauma,None,None,None,None,Z:\Johannes1\Forschung\Projects\Project_OPF_Kinematics_Sorted\data\Trauma\Week4-1h\TBI\None,None,None,None,None,None,None,None,None,None,None,None,None,None,None,None,TBI,TBI,1h,Week4,Week4-1h,Week4,Week4-1h
45,None,None,None,None,Trauma_None_45_None_None_Week4-1h_TBI_NoneDLC_resnet152_myDLC_modelZoo_test2Mar3shuffle1_1000000.csv,None,None,Trauma,None,None,None,None,Z:\Johannes1\Forschung\Projects\Project_OPF_Kinematics_Sorted\data\Trauma\Week4-1h\TBI\None,None,None,None,None,None,None,None,None,None,None,None,None,None,None,None,TBI,TBI,1h,Week4,Week4-1h,Week4,Week4-1h
62,None,None,None,None,Trauma_None_62_None_None_Week4-1h_TBI_NoneDLC_resnet152_myDLC_modelZoo_test2Mar3shuffle1_1000000.csv,None,None,Trauma,None,None,None,None,Z:\Johannes1\Forschung\Projects\Project_OPF_Kinematics_Sorted\data\Trauma\Week4-1h\TBI\None,None,None,None,None,None,None,None,None,None,None,None,None,None,None,None,TBI,TBI,1h,Week4,Week4-1h,Week4,Week4-1h
65,None,None,None,None,Trauma_None_65_None_None_Week4-1h_TBI_NoneDLC_resnet152_myDLC_modelZoo_test2Mar3shuffle1_1000000.csv,None,None,Trauma,None,None,None,None,Z:\Johannes1\Forschung\Projects\Project_OPF_Kinematics_Sorted\data\Trauma\Week4-1h\TBI\None,None,None,None,None,None,None,None,None,None,None,None,None,None,None,None,TBI,TBI,1h,Week4,Week4-1h,Week4,Week4-1h
67,None,None,None,None,Trauma_None_67_None_None_Week4-1h_TBI_NoneDLC_resnet152_myDLC_modelZoo_test2Mar3shuffle1_1000000.csv,None,None,Trauma,None,None,None,None,Z:\Johannes1\Forschung\Projects\Project_OPF_Kinematics_Sorted\data\Trauma\Week4-1h\TBI\None,None,None,None,None,None,None,None,None,None,None,None,None,None,None,None,TBI,TBI,1h,Week4,Week4-1h,Week4,Week4-1h
72,None,None,None,None,Trauma_None_72_None_None_Week4-1h_TBI_NoneDLC_resnet152_myDLC_modelZoo_test2Mar3shuffle1_1000000.csv,None,None,Trauma,None,None,None,None,Z:\Johannes1\Forschung\Projects\Project_OPF_Kinematics_Sorted\data\Trauma\Week4-1h\TBI\None,None,None,None,None,None,None,None,None,None,None,None,None,None,None,None,TBI,TBI,1h,Week4,Week4-1h,Week4,Week4-1h
75,None,None,None,None,Trauma_None_75_None_None_Week4-1h_TBI_NoneDLC_resnet152_myDLC_modelZoo_test2Mar3shuffle1_1000000.csv,None,None,Trauma,None,None,None,None,Z:\Johannes1\Forschung\Projects\Project_OPF_Kinematics_Sorted\data\Trauma\Week4-1h\TBI\None,None,None,None,None,None,None,None,None,None,None,None,None,None,None,None,TBI,TBI,1h,Week4,Week4-1h,Week4,Week4-1h
47,None,None,None,None,Trauma_None_47_None_None_Week4-4h_TBI_AntiIL1bDLC_resnet152_myDLC_modelZoo_test2Mar3shuffle1_1000000.csv,None,None,Trauma,None,None,None,None,Z:\Johannes1\Forschung\Projects\Project_OPF_Kinematics_Sorted\data\Trauma\Week4-4h\TBI\AntiIL1b,AntiIL1b,None,None,None,None,None,None,None,None,None,None,None,None,None,None,TBI,TBI,4h,Week4,Week4-4h,Week4,Week4-4h
48,None,None,None,None,Trauma_None_48_None_None_Week4-4h_TBI_AntiIL1bDLC_resnet152_myDLC_modelZoo_test2Mar3shuffle1_1000000.csv,None,None,Trauma,None,None,None,None,Z:\Johannes1\Forschung\Projects\Project_OPF_Kinematics_Sorted\data\Trauma\Week4-4h\TBI\AntiIL1b,AntiIL1b,None,None,None,None,None,None,None,None,None,None,None,None,None,None,TBI,TBI,4h,Week4,Week4-4h,Week4,Week4-4h
54,None,None,None,None,Trauma_None_54_None_None_Week4-4h_TBI_AntiIL1bDLC_resnet152_myDLC_modelZoo_test2Mar3shuffle1_1000000.csv,None,None,Trauma,None,None,None,None,Z:\Johannes1\Forschung\Projects\Project_OPF_Kinematics_Sorted\data\Trauma\Week4-4h\TBI\AntiIL1b,AntiIL1b,None,None,None,None,None,None,None,None,None,None,None,None,None,None,TBI,TBI,4h,Week4,Week4-4h,Week4,Week4-4h
60,None,None,None,None,Trauma_None_60_None_None_Week4-4h_TBI_AntiIL1bDLC_resnet152_myDLC_modelZoo_test2Mar3shuffle1_1000000.csv,None,None,Trauma,None,None,None,None,Z:\Johannes1\Forschung\Projects\Project_OPF_Kinematics_Sorted\data\Trauma\Week4-4h\TBI\AntiIL1b,AntiIL1b,None,None,None,None,None,None,None,None,None,None,None,None,None,None,TBI,TBI,4h,Week4,Week4-4h,Week4,Week4-4h
77,None,None,None,None,Trauma_None_77_None_None_Week4-4h_TBI_AntiIL1bDLC_resnet152_myDLC_modelZoo_test2Mar3shuffle1_1000000.csv,None,None,Trauma,None,None,None,None,Z:\Johannes1\Forschung\Projects\Project_OPF_Kinematics_Sorted\data\Trauma\Week4-4h\TBI\AntiIL1b,AntiIL1b,None,None,None,None,None,None,None,None,None,None,None,None,None,None,TBI,TBI,4h,Week4,Week4-4h,Week4,Week4-4h
81,None,None,None,None,Trauma_None_81_None_None_Week4-4h_TBI_AntiIL1bDLC_resnet152_myDLC_modelZoo_test2Mar3shuffle1_1000000.csv,None,None,Trauma,None,None,None,None,Z:\Johannes1\Forschung\Projects\Project_OPF_Kinematics_Sorted\data\Trauma\Week4-4h\TBI\AntiIL1b,AntiIL1b,None,None,None,None,None,None,None,None,None,None,None,None,None,None,TBI,TBI,4h,Week4,Week4-4h,Week4,Week4-4h
84,None,None,None,None,Trauma_None_84_None_None_Week4-4h_TBI_AntiIL1bDLC_resnet152_myDLC_modelZoo_test2Mar3shuffle1_1000000.csv,None,None,Trauma,None,None,None,None,Z:\Johannes1\Forschung\Projects\Project_OPF_Kinematics_Sorted\data\Trauma\Week4-4h\TBI\AntiIL1b,AntiIL1b,None,None,None,None,None,None,None,None,None,None,None,None,None,None,TBI,TBI,4h,Week4,Week4-4h,Week4,Week4-4h
87,None,None,None,None,Trauma_None_87_None_None_Week4-4h_TBI_AntiIL1bDLC_resnet152_myDLC_modelZoo_test2Mar3shuffle1_1000000.csv,None,None,Trauma,None,None,None,None,Z:\Johannes1\Forschung\Projects\Project_OPF_Kinematics_Sorted\data\Trauma\Week4-4h\TBI\AntiIL1b,AntiIL1b,None,None,None,None,None,None,None,None,None,None,None,None,None,None,TBI,TBI,4h,Week4,Week4-4h,Week4,Week4-4h
88,None,None,None,None,Trauma_None_88_None_None_Week4-4h_TBI_AntiIL1bDLC_resnet152_myDLC_modelZoo_test2Mar3shuffle1_1000000.csv,None,None,Trauma,None,None,None,None,Z:\Johannes1\Forschung\Projects\Project_OPF_Kinematics_Sorted\data\Trauma\Week4-4h\TBI\AntiIL1b,AntiIL1b,None,None,None,None,None,None,None,None,None,None,None,None,None,None,TBI,TBI,4h,Week4,Week4-4h,Week4,Week4-4h
33,None,None,None,None,Trauma_None_33_None_None_Week4-4h_TBI_NoneDLC_resnet152_myDLC_modelZoo_test2Mar3shuffle1_1000000.csv,None,None,Trauma,None,None,None,None,Z:\Johannes1\Forschung\Projects\Project_OPF_Kinematics_Sorted\data\Trauma\Week4-4h\TBI\None,None,None,None,None,None,None,None,None,None,None,None,None,None,None,None,TBI,TBI,4h,Week4,Week4-4h,Week4,Week4-4h
61,None,None,None,None,Trauma_None_61_None_None_Week4-4h_TBI_NoneDLC_resnet152_myDLC_modelZoo_test2Mar3shuffle1_1000000.csv,None,None,Trauma,None,None,None,None,Z:\Johannes1\Forschung\Projects\Project_OPF_Kinematics_Sorted\data\Trauma\Week4-4h\TBI\None,None,None,None,None,None,None,None,None,None,None,None,None,None,None,None,TBI,TBI,4h,Week4,Week4-4h,Week4,Week4-4h
63,None,None,None,None,Trauma_None_63_None_None_Week4-4h_TBI_NoneDLC_resnet152_myDLC_modelZoo_test2Mar3shuffle1_1000000.csv,None,None,Trauma,None,None,None,None,Z:\Johannes1\Forschung\Projects\Project_OPF_Kinematics_Sorted\data\Trauma\Week4-4h\TBI\None,None,None,None,None,None,None,None,None,None,None,None,None,None,None,None,TBI,TBI,4h,Week4,Week4-4h,Week4,Week4-4h
64,None,None,None,None,Trauma_None_64_None_None_Week4-4h_TBI_NoneDLC_resnet152_myDLC_modelZoo_test2Mar3shuffle1_1000000.csv,None,None,Trauma,None,None,None,None,Z:\Johannes1\Forschung\Projects\Project_OPF_Kinematics_Sorted\data\Trauma\Week4-4h\TBI\None,None,None,None,None,None,None,None,None,None,None,None,None,None,None,None,TBI,TBI,4h,Week4,Week4-4h,Week4,Week4-4h
68,None,None,None,None,Trauma_None_68_None_None_Week4-4h_TBI_NoneDLC_resnet152_myDLC_modelZoo_test2Mar3shuffle1_1000000.csv,None,None,Trauma,None,None,None,None,Z:\Johannes1\Forschung\Projects\Project_OPF_Kinematics_Sorted\data\Trauma\Week4-4h\TBI\None,None,None,None,None,None,None,None,None,None,None,None,None,None,None,None,TBI,TBI,4h,Week4,Week4-4h,Week4,Week4-4h
73,None,None,None,None,Trauma_None_73_None_None_Week4-4h_TBI_NoneDLC_resnet152_myDLC_modelZoo_test2Mar3shuffle1_1000000.csv,None,None,Trauma,None,None,None,None,Z:\Johannes1\Forschung\Projects\Project_OPF_Kinematics_Sorted\data\Trauma\Week4-4h\TBI\None,None,None,None,None,None,None,None,None,None,None,None,None,None,None,None,TBI,TBI,4h,Week4,Week4-4h,Week4,Week4-4h
10,None,None,None,None,Wildtype_EV_10_None_None_Week10_None_NoneDLC_resnet152_myDLC_modelZoo_test2Mar3shuffle1_1000000.csv,None,None,Wildtype,None,None,None,None,Z:\Johannes1\Forschung\Projects\Project_OPF_Kinematics_Sorted\data\Wildtype\EV\Week10\None,None,None,None,None,None,None,None,None,None,None,EV,EV,None,None,None,None,None,None,Week10,None,Week10,None
11,None,None,None,None,Wildtype_EV_11_None_None_Week10_None_NoneDLC_resnet152_myDLC_modelZoo_test2Mar3shuffle1_1000000.csv,None,None,Wildtype,None,None,None,None,Z:\Johannes1\Forschung\Projects\Project_OPF_Kinematics_Sorted\data\Wildtype\EV\Week10\None,None,None,None,None,None,None,None,None,None,None,EV,EV,None,None,None,None,None,None,Week10,None,Week10,None
13,None,None,None,None,Wildtype_EV_13_None_None_Week10_None_NoneDLC_resnet152_myDLC_modelZoo_test2Mar3shuffle1_1000000.csv,None,None,Wildtype,None,None,None,None,Z:\Johannes1\Forschung\Projects\Project_OPF_Kinematics_Sorted\data\Wildtype\EV\Week10\None,None,None,None,None,None,None,None,None,None,None,EV,EV,None,None,None,None,None,None,Week10,None,Week10,None
14,None,None,None,None,Wildtype_EV_14_None_None_Week10_None_NoneDLC_resnet152_myDLC_modelZoo_test2Mar3shuffle1_1000000.csv,None,None,Wildtype,None,None,None,None,Z:\Johannes1\Forschung\Projects\Project_OPF_Kinematics_Sorted\data\Wildtype\EV\Week10\None,None,None,None,None,None,None,None,None,None,None,EV,EV,None,None,None,None,None,None,Week10,None,Week10,None
15,None,None,None,None,Wildtype_EV_15_None_None_Week10_None_NoneDLC_resnet152_myDLC_modelZoo_test2Mar3shuffle1_1000000.csv,None,None,Wildtype,None,None,None,None,Z:\Johannes1\Forschung\Projects\Project_OPF_Kinematics_Sorted\data\Wildtype\EV\Week10\None,None,None,None,None,None,None,None,None,None,None,EV,EV,None,None,None,None,None,None,Week10,None,Week10,None
1,None,None,None,None,Wildtype_EV_1_None_None_Week10_None_NoneDLC_resnet152_myDLC_modelZoo_test2Mar3shuffle1_1000000.csv,None,None,Wildtype,None,None,None,None,Z:\Johannes1\Forschung\Projects\Project_OPF_Kinematics_Sorted\data\Wildtype\EV\Week10\None,None,None,None,None,None,None,None,None,None,None,EV,EV,None,None,None,None,None,None,Week10,None,Week10,None
20,None,None,None,None,Wildtype_EV_20_None_None_Week10_None_NoneDLC_resnet152_myDLC_modelZoo_test2Mar3shuffle1_1000000.csv,None,None,Wildtype,None,None,None,None,Z:\Johannes1\Forschung\Projects\Project_OPF_Kinematics_Sorted\data\Wildtype\EV\Week10\None,None,None,None,None,None,None,None,None,None,None,EV,EV,None,None,None,None,None,None,Week10,None,Week10,None
3,None,None,None,None,Wildtype_EV_3_None_None_Week10_None_NoneDLC_resnet152_myDLC_modelZoo_test2Mar3shuffle1_1000000.csv,None,None,Wildtype,None,None,None,None,Z:\Johannes1\Forschung\Projects\Project_OPF_Kinematics_Sorted\data\Wildtype\EV\Week10\None,None,None,None,None,None,None,None,None,None,None,EV,EV,None,None,None,None,None,None,Week10,None,Week10,None
9,None,None,None,None,Wildtype_EV_9_None_None_Week10_None_NoneDLC_resnet152_myDLC_modelZoo_test2Mar3shuffle1_1000000.csv,None,None,Wildtype,None,None,None,None,Z:\Johannes1\Forschung\Projects\Project_OPF_Kinematics_Sorted\data\Wildtype\EV\Week10\None,None,None,None,None,None,None,None,None,None,None,EV,EV,None,None,None,None,None,None,Week10,None,Week10,None
1,None,None,None,None,Wildtype_EV_1_None_None_Week2_None_NoneDLC_resnet152_myDLC_modelZoo_test2Mar3shuffle1_1000000.csv,None,None,Wildtype,None,None,None,None,Z:\Johannes1\Forschung\Projects\Project_OPF_Kinematics_Sorted\data\Wildtype\EV\Week2,None,None,None,None,None,None,None,None,None,None,EV,EV,None,None,None,None,None,None,Week2,None,Week2,None
9,None,None,None,None,Wildtype_EV_9_None_None_Week2_None_NoneDLC_resnet152_myDLC_modelZoo_test2Mar3shuffle1_1000000.csv,None,None,Wildtype,None,None,None,None,Z:\Johannes1\Forschung\Projects\Project_OPF_Kinematics_Sorted\data\Wildtype\EV\Week2,None,None,None,None,None,None,None,None,None,None,EV,EV,None,None,None,None,None,None,Week2,None,Week2,None
18,None,None,None,None,Wildtype_EV_18_None_None_Week4_None_NoneDLC_resnet152_myDLC_modelZoo_test2Mar3shuffle1_1000000.csv,None,None,Wildtype,None,None,None,None,Z:\Johannes1\Forschung\Projects\Project_OPF_Kinematics_Sorted\data\Wildtype\EV\Week4\None,None,None,None,None,None,None,None,None,None,None,EV,EV,None,None,None,None,None,None,Week4,None,Week4,None
19,None,None,None,None,Wildtype_EV_19_None_None_Week4_None_NoneDLC_resnet152_myDLC_modelZoo_test2Mar3shuffle1_1000000.csv,None,None,Wildtype,None,None,None,None,Z:\Johannes1\Forschung\Projects\Project_OPF_Kinematics_Sorted\data\Wildtype\EV\Week4\None,None,None,None,None,None,None,None,None,None,None,EV,EV,None,None,None,None,None,None,Week4,None,Week4,None
26,None,None,None,None,Wildtype_EV_26_None_None_Week4_None_NoneDLC_resnet152_myDLC_modelZoo_test2Mar3shuffle1_1000000.csv,None,None,Wildtype,None,None,None,None,Z:\Johannes1\Forschung\Projects\Project_OPF_Kinematics_Sorted\data\Wildtype\EV\Week4\None,None,None,None,None,None,None,None,None,None,None,EV,EV,None,None,None,None,None,None,Week4,None,Week4,None
27,None,None,None,None,Wildtype_EV_27_None_None_Week4_None_NoneDLC_resnet152_myDLC_modelZoo_test2Mar3shuffle1_1000000.csv,None,None,Wildtype,None,None,None,None,Z:\Johannes1\Forschung\Projects\Project_OPF_Kinematics_Sorted\data\Wildtype\EV\Week4\None,None,None,None,None,None,None,None,None,None,None,EV,EV,None,None,None,None,None,None,Week4,None,Week4,None
28,None,None,None,None,Wildtype_EV_28_None_None_Week4_None_NoneDLC_resnet152_myDLC_modelZoo_test2Mar3shuffle1_1000000.csv,None,None,Wildtype,None,None,None,None,Z:\Johannes1\Forschung\Projects\Project_OPF_Kinematics_Sorted\data\Wildtype\EV\Week4\None,None,None,None,None,None,None,None,None,None,None,EV,EV,None,None,None,None,None,None,Week4,None,Week4,None
29,None,None,None,None,Wildtype_EV_29_None_None_Week4_None_NoneDLC_resnet152_myDLC_modelZoo_test2Mar3shuffle1_1000000.csv,None,None,Wildtype,None,None,None,None,Z:\Johannes1\Forschung\Projects\Project_OPF_Kinematics_Sorted\data\Wildtype\EV\Week4\None,None,None,None,None,None,None,None,None,None,None,EV,EV,None,None,None,None,None,None,Week4,None,Week4,None
30,None,None,None,None,Wildtype_EV_30_None_None_Week4_None_NoneDLC_resnet152_myDLC_modelZoo_test2Mar3shuffle1_1000000.csv,None,None,Wildtype,None,None,None,None,Z:\Johannes1\Forschung\Projects\Project_OPF_Kinematics_Sorted\data\Wildtype\EV\Week4\None,None,None,None,None,None,None,None,None,None,None,EV,EV,None,None,None,None,None,None,Week4,None,Week4,None
4,None,None,None,None,Wildtype_EV_4_None_None_Week4_None_NoneDLC_resnet152_myDLC_modelZoo_test2Mar3shuffle1_1000000.csv,None,None,Wildtype,None,None,None,None,Z:\Johannes1\Forschung\Projects\Project_OPF_Kinematics_Sorted\data\Wildtype\EV\Week4\None,None,None,None,None,None,None,None,None,None,None,EV,EV,None,None,None,None,None,None,Week4,None,Week4,None
5,None,None,None,None,Wildtype_EV_5_None_None_Week4_None_NoneDLC_resnet152_myDLC_modelZoo_test2Mar3shuffle1_1000000.csv,None,None,Wildtype,None,None,None,None,Z:\Johannes1\Forschung\Projects\Project_OPF_Kinematics_Sorted\data\Wildtype\EV\Week4\None,None,None,None,None,None,None,None,None,None,None,EV,EV,None,None,None,None,None,None,Week4,None,Week4,None
18,None,None,None,None,Wildtype_EV_18_Vglut2-cre-ChRmine_M_Week8_Opto-On_NoneDLC_resnet152_myDLC_modelZoo_test2Mar3shuffle1_1000000.csv,cre,Vglut2,Wildtype,None,None,None,ChRmine,Z:\Johannes1\Forschung\Projects\Project_OPF_Kinematics_Sorted\data\Wildtype\EV\Week8\Opto-On,None,None,None,None,None,M,Opto,Opto-On,On,None,EV,EV,None,None,None,None,None,None,Week8,None,Week8,None
217,None,None,None,None,Wildtype_EV_217_Vglut2-cre-ChRmine_M_Week8_Opto-On_NoneDLC_resnet152_myDLC_modelZoo_test2Mar3shuffle1_1000000.csv,cre,Vglut2,Wildtype,None,None,None,ChRmine,Z:\Johannes1\Forschung\Projects\Project_OPF_Kinematics_Sorted\data\Wildtype\EV\Week8\Opto-On,None,None,None,None,None,M,Opto,Opto-On,On,None,EV,EV,None,None,None,None,None,None,Week8,None,Week8,None
218,None,None,None,None,Wildtype_EV_218_Vglut2-cre-ChRmine_M_Week8_Opto-On_NoneDLC_resnet152_myDLC_modelZoo_test2Mar3shuffle1_1000000.csv,cre,Vglut2,Wildtype,None,None,None,ChRmine,Z:\Johannes1\Forschung\Projects\Project_OPF_Kinematics_Sorted\data\Wildtype\EV\Week8\Opto-On,None,None,None,None,None,M,Opto,Opto-On,On,None,EV,EV,None,None,None,None,None,None,Week8,None,Week8,None
18,None,None,None,None,Wildtype_EV_18_Vglut2-cre-ChRmine_M_Week9_Opto-On_NoneDLC_resnet152_myDLC_modelZoo_test2Mar3shuffle1_1000000.csv,cre,Vglut2,Wildtype,None,None,None,ChRmine,Z:\Johannes1\Forschung\Projects\Project_OPF_Kinematics_Sorted\data\Wildtype\EV\Week9\Opto-On,None,None,None,None,None,M,Opto,Opto-On,On,None,EV,EV,None,None,None,None,None,None,Week9,None,Week9,None
38,None,None,None,None,Wildtype_EV_38_Vglut2-cre-ChRmine_M_Week9_Opto-On_NoneDLC_resnet152_myDLC_modelZoo_test2Mar3shuffle1_1000000.csv,cre,Vglut2,Wildtype,None,None,None,ChRmine,Z:\Johannes1\Forschung\Projects\Project_OPF_Kinematics_Sorted\data\Wildtype\EV\Week9\Opto-On,None,None,None,None,None,M,Opto,Opto-On,On,None,EV,EV,None,None,None,None,None,None,Week9,None,Week9,None
5b,Crush,Crush-True,True,None,Wildtype_None_5b_Wt_M_Week1_Crush-True_MicrogliaDepletionMonth3DLC_resnet152_myDLC_modelZoo_test2Mar3shuffle1_1000000.csv,None,Wt,Wildtype,None,None,None,None,Z:\Johannes1\Forschung\Projects\Project_OPF_Kinematics_Sorted\data\Wildtype\None\M\Week1\Crush-True\MicrogliaDepletionMonth3,MicrogliaDepletionMonth3,None,None,None,None,M,None,None,None,None,None,None,None,None,None,None,None,None,Week1,None,Week1,None
99,Crush,Crush-True,True,None,Wildtype_None_99_Wt_M_Week1_Crush-True_MicrogliaDepletionMonth3DLC_resnet152_myDLC_modelZoo_test2Mar3shuffle1_1000000.csv,None,Wt,Wildtype,None,None,None,None,Z:\Johannes1\Forschung\Projects\Project_OPF_Kinematics_Sorted\data\Wildtype\None\M\Week1\Crush-True\MicrogliaDepletionMonth3,MicrogliaDepletionMonth3,None,None,None,None,M,None,None,None,None,None,None,None,None,None,None,None,None,Week1,None,Week1,None
18,Crush,Crush-True,True,None,Wildtype_None_18_Wt_M_Week1_Crush-True_NoneDLC_resnet152_myDLC_modelZoo_test2Mar3shuffle1_1000000.csv,None,Wt,Wildtype,None,None,None,None,Z:\Johannes1\Forschung\Projects\Project_OPF_Kinematics_Sorted\data\Wildtype\None\M\Week1\Crush-True\None,None,None,None,None,None,M,None,None,None,None,None,None,None,None,None,None,None,None,Week1,None,Week1,None
25,Crush,Crush-True,True,None,Wildtype_None_25_Wt_M_Week1_Crush-True_NoneDLC_resnet152_myDLC_modelZoo_test2Mar3shuffle1_1000000.csv,None,Wt,Wildtype,None,None,None,None,Z:\Johannes1\Forschung\Projects\Project_OPF_Kinematics_Sorted\data\Wildtype\None\M\Week1\Crush-True\None,None,None,None,None,None,M,None,None,None,None,None,None,None,None,None,None,None,None,Week1,None,Week1,None
34,Crush,Crush-True,True,None,Wildtype_None_34_Wt_M_Week1_Crush-True_NoneDLC_resnet152_myDLC_modelZoo_test2Mar3shuffle1_1000000.csv,None,Wt,Wildtype,None,None,None,None,Z:\Johannes1\Forschung\Projects\Project_OPF_Kinematics_Sorted\data\Wildtype\None\M\Week1\Crush-True\None,None,None,None,None,None,M,None,None,None,None,None,None,None,None,None,None,None,None,Week1,None,Week1,None
267-1,None,None,None,None,Wildtype_None_267-1_Wt_M_Week7_None_LevodopaDLC_resnet152_myDLC_modelZoo_test2Mar3shuffle1_1000000.csv,None,Wt,Wildtype,None,None,None,None,Z:\Johannes1\Forschung\Projects\Project_OPF_Kinematics_Sorted\data\Wildtype\None\M\Week7\Levodopa,Levodopa,None,None,None,None,M,None,None,None,None,None,None,None,None,None,None,None,None,Week7,None,Week7,None
270-10,None,None,None,None,Wildtype_None_270-10_Wt_M_Week7_None_LevodopaDLC_resnet152_myDLC_modelZoo_test2Mar3shuffle1_1000000.csv,None,Wt,Wildtype,None,None,None,None,Z:\Johannes1\Forschung\Projects\Project_OPF_Kinematics_Sorted\data\Wildtype\None\M\Week7\Levodopa,Levodopa,None,None,None,None,M,None,None,None,None,None,None,None,None,None,None,None,None,Week7,None,Week7,None
